"0","PIBTauTau1<-Etapas1(PIB,""etapa1"",7)"
"0","dimension1 <-length(PIBTauTau1)"
"0","ExpTauTau1<-Etapas1(Exportaciones,""etapa1"",30)"
"0","dimension2 <-length(ExpTauTau1)"
"0",""
"0","if( PIBTauTau1[dimension1]<Valor_tautau[2]) {#se toma la siginficancia al 5% del estadisitico"
"0","       ""Gamma es estadisticamente diferente de cero en la serie del PIB, es significativo"""
"0","    } else {"
"0","      ""Gamma es estadisticamente  cero en la serie del PIB, no es significativo"""
"0","    }"
"1","[1]"
"1"," ""Gamma es estadisticamente  cero en la serie del PIB, no es significativo"""
"1","
"
"0","if( ExpTauTau1[dimension2]<Valor_tautau[2]) {#se toma la siginficancia al 5% del estadisitico"
"0","       ""Gamma es estadisticamente diferente de cero en la serie de las exportaciones, es significativo"""
"0","    } else {"
"0","      ""Gamma es estadisticamente  cero en la serie de las exportaciones, no es significativo"""
"0","    }"
"1","[1]"
"1"," ""Gamma es estadisticamente  cero en la serie de las exportaciones, no es significativo"""
"1","
"
