"0","PIBTauTau<-Etapas(PIB,""etapa1"")"
"0","ExpTauTau<-Etapas(Exportaciones,""etapa1"")"
"0",""
"0","verificarse3 <- TaoTest(100,50000,""taotao"") #calculo con intercepto y tendencia"
"0","Valor_tautau <- quantile(verificarse3,probs = c(0.01,0.05,0.1))"
"0","  "
"0",""
"0","if( PIBTauTau[3]<Valor_tautau[2]) {#se toma la siginficancia al 5% del estadisitico"
"0","       ""Gamma es estadisticamente diferente de cero en la serie del PIB, es significativo"""
"0","    } else {"
"0","      ""Gamma es estadisticamente  cero en la serie del PIB, no es significativo"""
"0","    }"
"1","[1]"
"1"," ""Gamma es estadisticamente  cero en la serie del PIB, no es significativo"""
"1","
"
"0","if( ExpTauTau[3]<Valor_tautau[2]) {#se toma la siginficancia al 5% del estadisitico"
"0","       ""Gamma es estadisticamente diferente de cero en la serie de las exportaciones, es significativo"""
"0","    } else {"
"0","      ""Gamma es estadisticamente  cero en la serie de las exportaciones, no es significativo"""
"0","    }"
"1","[1]"
"1"," ""Gamma es estadisticamente  cero en la serie de las exportaciones, no es significativo"""
"1","
"
