"0","PIB1TauTau<-Etapas(PIB1,""etapa1"")"
"0","Exp1TauTau<-Etapas(Exportaciones1,""etapa1"")"
"0",""
"0","if( PIB1TauTau[3]<Valor_tautau[2]) {#se toma la siginficancia al 5% del estadisitico"
"0","       ""Gamma es estadisticamente diferente de cero en la serie del PIB, es significativo"""
"0","    } else {"
"0","      ""Gamma es estadisticamente  cero en la serie del PIB, no es significativo"""
"0","    }"
"1","[1]"
"1"," ""Gamma es estadisticamente diferente de cero en la serie del PIB, es significativo"""
"1","
"
"0","if( Exp1TauTau[3]<Valor_tautau[2]) {#se toma la siginficancia al 5% del estadisitico"
"0","       ""Gamma es estadisticamente diferente de cero en la serie de las exportaciones, es significativo"""
"0","    } else {"
"0","      ""Gamma es estadisticamente  cero en la serie de las exportaciones, no es significativo"""
"0","    }"
"1","[1]"
"1"," ""Gamma es estadisticamente diferente de cero en la serie de las exportaciones, es significativo"""
"1","
"
