"0","library(urca)"
"0","    #summary(ur.df(y=matriz, type = ""trend"",lags=1)) ###con este summary se puede obtener el valor phi3"
"0","    valor_phi3 <- 6.49"
"0",""
"0",""
"0","    if(PIBTauTau[3]&PIBTauTau[2]>valor_phi3) {# esta es una prueba tipo F por lo tanto la cola derecha es la zona de rechazo"
"0","      ""Gamma y el Coeficiente relacionado con la tendencia no es cero, es significativo para el PIB"""
"0","    } else {"
"0","      ""Gamma y el Coeficiente relacionado con la tendencia es cero, no es significativo para el PIB"""
"0","    }"
"1","[1]"
"1"," ""Gamma y el Coeficiente relacionado con la tendencia es cero, no es significativo para el PIB"""
"1","
"
"0","    "
"0","    if(ExpTauTau[3]&ExpTauTau[2]>valor_phi3) {# esta es una prueba tipo F por lo tanto la cola derecha es la zona de rechazo"
"0","      ""Gamma y el Coeficiente relacionado con la tendencia no es cero, es significativo para las exportaciones"""
"0","    } else {"
"0","      ""Gamma y el Coeficiente relacionado con la tendencia es cero, no es significativo para las exportaciones"""
"0","    }"
"1","[1]"
"1"," ""Gamma y el Coeficiente relacionado con la tendencia es cero, no es significativo para las exportaciones"""
"1","
"
