{"chunk_definitions":[{"chunk_id":"c1neraplns2td","expansion_state":0,"options":[],"row":16,"row_count":1,"visible":true},{"chunk_id":"cnrqny41dz6st","expansion_state":0,"options":[],"row":37,"row_count":1,"visible":true},{"chunk_id":"c0oasvd6zqur4","expansion_state":0,"options":[],"row":58,"row_count":1,"visible":true},{"chunk_id":"c1gqnmf2zy9gs","expansion_state":0,"options":[],"row":68,"row_count":1,"visible":true},{"chunk_id":"cyh08h20n86ew","expansion_state":0,"options":[],"row":77,"row_count":1,"visible":true},{"chunk_id":"cbmyhfr6rnusf","expansion_state":0,"options":[],"row":86,"row_count":1,"visible":true},{"chunk_id":"c7kcmpeyhce9a","expansion_state":0,"options":[],"row":97,"row_count":1,"visible":true},{"chunk_id":"cf1v1fcbgpy3w","expansion_state":0,"options":[],"row":102,"row_count":1,"visible":true},{"chunk_id":"criisiup2psn0","expansion_state":0,"options":[],"row":106,"row_count":1,"visible":true},{"chunk_id":"cf8ec0y3sa37h","expansion_state":0,"options":[],"row":124,"row_count":1,"visible":true},{"chunk_id":"c59bcol2a3zjc","expansion_state":0,"options":[],"row":132,"row_count":1,"visible":true},{"chunk_id":"c6fhxzixeyl1o","expansion_state":0,"options":[],"row":141,"row_count":1,"visible":true},{"chunk_id":"cj1dem21h81vo","expansion_state":0,"options":[],"row":154,"row_count":1,"visible":true},{"chunk_id":"cesw4xig8gdoi","expansion_state":0,"options":[],"row":164,"row_count":1,"visible":true},{"chunk_id":"cwxt438qkpmdi","expansion_state":0,"options":[],"row":184,"row_count":1,"visible":true},{"chunk_id":"c3l0ib43tteaf","expansion_state":0,"options":[],"row":208,"row_count":1,"visible":true},{"chunk_id":"cbkajbhqt0b66","expansion_state":0,"options":[],"row":236,"row_count":1,"visible":true},{"chunk_id":"ca7en7s4ph2uo","expansion_state":0,"options":[],"row":245,"row_count":1,"visible":true},{"chunk_id":"ctt4njxxe1ors","expansion_state":0,"options":[],"row":256,"row_count":1,"visible":true},{"chunk_id":"ce99czkgh8326","expansion_state":0,"options":[],"row":261,"row_count":1,"visible":true},{"chunk_id":"cpdd2ghnxhuo8","expansion_state":0,"options":[],"row":273,"row_count":1,"visible":true},{"chunk_id":"crb2jcvvirs71","expansion_state":0,"options":[],"row":287,"row_count":1,"visible":true},{"chunk_id":"cza7l3jpdj1t2","expansion_state":0,"options":[],"row":292,"row_count":1,"visible":true},{"chunk_id":"cfd8mw6xfwmpb","expansion_state":0,"options":[],"row":308,"row_count":1,"visible":true},{"chunk_id":"c5ght1fvfk3we","expansion_state":0,"options":[],"row":313,"row_count":1,"visible":true},{"chunk_id":"c08e46t67dc2b","expansion_state":0,"options":[],"row":323,"row_count":1,"visible":true},{"chunk_id":"cqw8sae47tz6a","expansion_state":0,"options":[],"row":341,"row_count":1,"visible":true},{"chunk_id":"c4ewznblo5ojo","expansion_state":0,"options":[],"row":365,"row_count":1,"visible":true},{"chunk_id":"chngi1pauyd6m","expansion_state":0,"options":[],"row":385,"row_count":1,"visible":true},{"chunk_id":"c7kdeav75o7sj","expansion_state":0,"options":[],"row":408,"row_count":1,"visible":true},{"chunk_id":"ctxuj58v8k946","expansion_state":0,"options":[],"row":417,"row_count":1,"visible":true},{"chunk_id":"c4o8huu9a4tcq","expansion_state":0,"options":[],"row":425,"row_count":1,"visible":true},{"chunk_id":"ccg9pwgrrogas","expansion_state":0,"options":[],"row":431,"row_count":1,"visible":true},{"chunk_id":"cjocaetzcfdm2","expansion_state":0,"options":[],"row":445,"row_count":1,"visible":true},{"chunk_id":"cpch901aqg4w9","expansion_state":0,"options":[],"row":476,"row_count":1,"visible":true},{"chunk_id":"c73zpi5pfyd8c","expansion_state":0,"options":[],"row":492,"row_count":1,"visible":true},{"chunk_id":"crgybwlp06n56","expansion_state":0,"options":[],"row":511,"row_count":1,"visible":true},{"chunk_id":"cuctu760ezcri","expansion_state":0,"options":[],"row":520,"row_count":1,"visible":true},{"chunk_id":"cob8bsc5lkgo9","expansion_state":0,"options":[],"row":556,"row_count":1,"visible":true},{"chunk_id":"cis5vfq6czffy","expansion_state":0,"options":[],"row":561,"row_count":1,"visible":true},{"chunk_id":"ch5ko3nt8zw0k","expansion_state":0,"options":[],"row":600,"row_count":1,"visible":true},{"chunk_id":"cpnkwcv7l1ubw","expansion_state":0,"options":[],"row":606,"row_count":1,"visible":true},{"chunk_id":"cmqv20eoliueo","expansion_state":0,"options":[],"row":610,"row_count":1,"visible":true},{"chunk_id":"chfqgtxnr0bik","expansion_state":0,"options":[],"row":616,"row_count":1,"visible":true},{"chunk_id":"c3dezo0vlpsq5","expansion_state":0,"options":[],"row":626,"row_count":1,"visible":true},{"chunk_id":"cacr097xws25m","expansion_state":0,"options":[],"row":644,"row_count":1,"visible":true},{"chunk_id":"cp2ytai96zy6k","expansion_state":0,"options":[],"row":657,"row_count":1,"visible":true},{"chunk_id":"c7x2lgkh68h7f","expansion_state":0,"options":[],"row":661,"row_count":1,"visible":true},{"chunk_id":"c3z4nfqm1q8go","expansion_state":0,"options":[],"row":682,"row_count":1,"visible":true},{"chunk_id":"corvokfkwgk77","expansion_state":0,"options":[],"row":703,"row_count":1,"visible":true},{"chunk_id":"clz7ptgwpaawf","expansion_state":0,"options":[],"row":715,"row_count":1,"visible":true},{"chunk_id":"cigruph2qeanb","expansion_state":0,"options":[],"row":720,"row_count":1,"visible":true},{"chunk_id":"cxwi8vfp5jz1k","expansion_state":0,"options":[],"row":727,"row_count":1,"visible":true},{"chunk_id":"czkhudkm65660","expansion_state":0,"options":[],"row":740,"row_count":1,"visible":true},{"chunk_id":"ccypso7obsln3","expansion_state":0,"options":[],"row":755,"row_count":1,"visible":true},{"chunk_id":"cchqtw9f48qm3","expansion_state":0,"options":[],"row":768,"row_count":1,"visible":true},{"chunk_id":"c6kqxit1zu47y","expansion_state":0,"options":[],"row":780,"row_count":1,"visible":true},{"chunk_id":"csg7yii3dsdhy","expansion_state":0,"options":[],"row":784,"row_count":1,"visible":true},{"chunk_id":"cele89ib3tdz1","expansion_state":0,"options":[],"row":792,"row_count":1,"visible":true},{"chunk_id":"c21bl8qzsfq45","expansion_state":0,"options":[],"row":806,"row_count":1,"visible":true},{"chunk_id":"crk0m88ck67mz","expansion_state":0,"options":[],"row":818,"row_count":1,"visible":true},{"chunk_id":"c31wn0lqzrbvz","expansion_state":0,"options":[],"row":822,"row_count":1,"visible":true}],"doc_write_time":1633567862}
