"0","Z1 <- PIB"
"0","y <- c(1:70) #creación del vector x de la grafica"
"0","Z1 <- as.data.frame(cbind(y,Z1))"
"0","#uso de ggplot y de la libreria ggthemes"
"0","ggplot(Z1) +"
"0","geom_line(aes(y=Z1,x=y), colour= ""blue"",size=1) +"
"0","ggtitle(""                                       PIB real"") +"
"0","geom_text(x=mean(Z1$Z)+270, y=10.8, label=paste(""mean="",round(mean(Z1$Z),1)))+ "
"0","labs(x=""Periodo de Tiempo"",y=""Values"" )+"
"0","theme_economist()+theme(axis.text = element_text(angle=0))"
