"0","PIBTau<-Etapas(PIB,""etapa4"")"
"0","ExpTau<-Etapas(Exportaciones,""etapa4"")"
"0",""
"0","verificarse3 <- TaoTest(100,50000,""tao"") #calculo con intercepto y tendencia"
"0","Valor_tau <- quantile(verificarse3,probs = c(0.01,0.05,0.1))"
"0",""
"0","if(PIBTau<Valor_tau[2]) {#se toma la siginficancia al 5% del estadisitico"
"0","      ""Gamma es estadisticamente diferente de cero, es significativo para el PIB"""
"0","    } else {"
"0","      ""Gamma es estadisticamente  cero, no es significativo para el PIB"""
"0","    }    "
"1","[1]"
"1"," ""Gamma es estadisticamente  cero, no es significativo para el PIB"""
"1","
"
"0","if(ExpTau<Valor_tau[2]) {#se toma la siginficancia al 5% del estadisitico"
"0","      ""Gamma es estadisticamente diferente de cero, es significativo para las exportaciones"""
"0","    } else {"
"0","      ""Gamma es estadisticamente  cero, no es significativo para las exportaciones"""
"0","    }    "
"1","[1]"
"1"," ""Gamma es estadisticamente  cero, no es significativo para las exportaciones"""
"1","
"
