"0","valor_phi1 <- 4.71"
"0","    "
"0","    if(PIBTauMu[2]&PIBTauMu[1]>valor_phi1) {"
"0","      ""Gamma y el Intercepto no son cero estadisticamente, es significativo para el PIB"""
"0","    } else {"
"0","      ""Gamma y el Intercepto son cero estadisticamente, no es significativo para el PIB"""
"0","    }"
"1","[1]"
"1"," ""Gamma y el Intercepto son cero estadisticamente, no es significativo para el PIB"""
"1","
"
"0","    if(ExpTauMu[2]&ExpTauMu[1]>valor_phi1) {"
"0","      ""Gamma y el Intercepto no son cero estadisticamente, es significativo para las exportaciones"""
"0","    } else {"
"0","      ""Gamma y el Intercepto son cero estadisticamente, no es significativo para las exportaciones"""
"0","    }"
"1","[1]"
"1"," ""Gamma y el Intercepto son cero estadisticamente, no es significativo para las exportaciones"""
"1","
"
