{"chunk_definitions":[{"row":9,"row_count":1,"visible":true,"expansion_state":0,"options":{"engine":"r","label":"setup","include":false},"document_id":"19CD0407","chunk_id":"csetup_chunk","chunk_label":"setup"},{"row":38,"row_count":1,"visible":true,"expansion_state":0,"options":{"engine":"r","label":"unnamed-chunk-20"},"document_id":"19CD0407","chunk_id":"ctbiyi30arna7","chunk_label":"unnamed-chunk-2"},{"row":55,"row_count":1,"visible":true,"expansion_state":0,"options":{"engine":"r","label":"unnamed-chunk-21"},"document_id":"19CD0407","chunk_id":"cuy5wkawiu80r","chunk_label":"unnamed-chunk-3"},{"row":71,"row_count":1,"visible":true,"expansion_state":0,"options":{"engine":"r","label":"unnamed-chunk-22"},"document_id":"19CD0407","chunk_id":"c2hbuqzeh4gph","chunk_label":"unnamed-chunk-4"},{"row":77,"row_count":1,"visible":true,"expansion_state":0,"options":{"engine":"r","label":"unnamed-chunk-23"},"document_id":"19CD0407","chunk_id":"c8zsuwojai6kx","chunk_label":"unnamed-chunk-5"},{"row":135,"row_count":1,"visible":true,"expansion_state":0,"options":{"engine":"r","label":"unnamed-chunk-31"},"document_id":"19CD0407","chunk_id":"c4axs07ai7614","chunk_label":"unnamed-chunk-7"},{"row":155,"row_count":1,"visible":true,"expansion_state":0,"options":{"engine":"r","label":"unnamed-chunk-40"},"document_id":"19CD0407","chunk_id":"cdhrdb55rndps","chunk_label":"unnamed-chunk-8"},{"row":200,"row_count":1,"visible":true,"expansion_state":0,"options":{"engine":"r","label":"unnamed-chunk-47"},"document_id":"19CD0407","chunk_id":"c5gqv156cw85f","chunk_label":"unnamed-chunk-10"},{"row":224,"row_count":1,"visible":true,"expansion_state":0,"options":{"engine":"r","label":"unnamed-chunk-48"},"document_id":"19CD0407","chunk_id":"car9lsiig7bn3","chunk_label":"unnamed-chunk-11"},{"row":233,"row_count":1,"visible":true,"expansion_state":0,"options":{"engine":"r","label":"unnamed-chunk-65"},"document_id":"19CD0407","chunk_id":"civ1mial150kj","chunk_label":"unnamed-chunk-12"},{"row":250,"row_count":1,"visible":true,"expansion_state":0,"options":{"engine":"r","label":"unnamed-chunk-66"},"document_id":"19CD0407","chunk_id":"c5d67w0orwjp6","chunk_label":"unnamed-chunk-13"},{"row":274,"row_count":1,"visible":true,"expansion_state":0,"options":{"engine":"r","label":"unnamed-chunk-67"},"document_id":"19CD0407","chunk_id":"c1gh8m6biqpag","chunk_label":"unnamed-chunk-14"},{"row":299,"row_count":1,"visible":true,"expansion_state":0,"options":{"engine":"r","label":"unnamed-chunk-68"},"document_id":"19CD0407","chunk_id":"c2j3mbmenwc85","chunk_label":"unnamed-chunk-15"},{"row":311,"row_count":1,"visible":true,"expansion_state":0,"options":{"engine":"r","label":"unnamed-chunk-69"},"document_id":"19CD0407","chunk_id":"cjobn56qezfxf","chunk_label":"unnamed-chunk-16"}],"doc_write_time":1668354952,"working_dir":null,"default_chunk_options":{"echo":true}}