"0","ggplot(data = as.data.frame(Z1))+"
"0","  geom_histogram(mapping = aes(x=Z1),bins=30, color=""black"", fill=""#00bc59"")+"
"0","  geom_vline(aes(xintercept=mean(Z1)),linetype=""dashed"",color=""black"")+"
"0","  geom_text(x=mean(Z1$Z)+1, y=40, label=paste(""mean="",round(mean(Z1$Z),1)))+ "
"0","  geom_text(x=10,y=30,label=paste(""SD="",round(sd(Z1$Z),2)))+"
"0","  ggtitle(""Histograma del PIB real"", subtitle=""Colombia"") +"
"0","  labs(x=""Valores"",y=""Concentración"" )+"
"0","   theme(plot.title = element_text(hjust = 0.5,size=20))+ "
"0","   theme(plot.subtitle = element_text(hjust = 0.5,size=12,color=""blue""))+"
"0","   theme(axis.text.x =  element_text(hjust = 0.5,size=12,color=""blue""))+"
"0","   theme(axis.text.y =  element_text(hjust = 0.5,size=12,color=""blue""))+"
"0","   theme(axis.title.x =  element_text(hjust = 0.5,size=15,color=""navy""))+"
"0","   theme(axis.title.y =  element_text(hjust = 0.5,size=15,color=""navy""))"
